{
  "Bert's Bombers": {
    "name": "Bert's Bombers",
    "years_active": 14,
    "avg_price": 19.56989247311828,
    "max_price": 67.0,
    "big_spends": 14,
    "dollar_picks": 27,
    "position_preferences": {
      "RP": {
        "avg_price": 26.5,
        "league_avg": 18.019607843137255,
        "premium_pct": 47.062023939064204
      },
      "SP / RP": {
        "avg_price": 12.428571428571429,
        "league_avg": 9.441176470588236,
        "premium_pct": 31.64218958611482
      },
      "SP": {
        "avg_price": 22.452380952380953,
        "league_avg": 17.218954248366014,
        "premium_pct": 30.393406176287176
      },
      "2B": {
        "avg_price": 17.428571428571427,
        "league_avg": 14.617647058823529,
        "premium_pct": 19.229663696464495
      },
      "3B": {
        "avg_price": 19.642857142857142,
        "league_avg": 22.50980392156863,
        "premium_pct": -12.736436037829776
      },
      "C": {
        "avg_price": 11.285714285714286,
        "league_avg": 13.401960784313726,
        "premium_pct": -15.790573727662238
      },
      "OF": {
        "avg_price": 20.357142857142858,
        "league_avg": 24.33986928104575,
        "premium_pct": -16.362973760932938
      },
      "1B": {
        "avg_price": 22.428571428571427,
        "league_avg": 28.225490196078432,
        "premium_pct": -20.53788517838536
      },
      "SS": {
        "avg_price": 17.142857142857142,
        "league_avg": 24.372549019607842,
        "premium_pct": -29.663257096885413
      }
    }
  },
  "Charlie's Stars": {
    "name": "Charlie's Stars",
    "years_active": 14,
    "avg_price": 19.56989247311828,
    "max_price": 88.0,
    "big_spends": 24,
    "dollar_picks": 40,
    "position_preferences": {
      "OF": {
        "avg_price": 29.166666666666668,
        "league_avg": 24.33986928104575,
        "premium_pct": 19.830827067669183
      },
      "3B": {
        "avg_price": 24.214285714285715,
        "league_avg": 22.50980392156863,
        "premium_pct": 7.572175211548029
      },
      "1B": {
        "avg_price": 28.428571428571427,
        "league_avg": 28.225490196078432,
        "premium_pct": 0.7194958566962647
      },
      "RP": {
        "avg_price": 17.285714285714285,
        "league_avg": 18.019607843137255,
        "premium_pct": -4.072749883413654
      },
      "2B": {
        "avg_price": 13.571428571428571,
        "league_avg": 14.617647058823529,
        "premium_pct": -7.157229088818625
      },
      "SP": {
        "avg_price": 15.285714285714286,
        "league_avg": 17.218954248366014,
        "premium_pct": -11.227394734701624
      },
      "SS": {
        "avg_price": 21.285714285714285,
        "league_avg": 24.372549019607842,
        "premium_pct": -12.665210895299388
      },
      "C": {
        "avg_price": 9.357142857142858,
        "league_avg": 13.401960784313726,
        "premium_pct": -30.18079214128958
      },
      "SP / RP": {
        "avg_price": 4.785714285714286,
        "league_avg": 9.441176470588236,
        "premium_pct": -49.31019136626614
      }
    }
  },
  "David's Devils": {
    "name": "David's Devils",
    "years_active": 14,
    "avg_price": 19.56989247311828,
    "max_price": 83.0,
    "big_spends": 22,
    "dollar_picks": 47,
    "position_preferences": {
      "RP": {
        "avg_price": 30.928571428571427,
        "league_avg": 18.019607843137255,
        "premium_pct": 71.6384268614954
      },
      "2B": {
        "avg_price": 23.142857142857142,
        "league_avg": 14.617647058823529,
        "premium_pct": 58.32135671169877
      },
      "1B": {
        "avg_price": 41.642857142857146,
        "league_avg": 28.225490196078432,
        "premium_pct": 47.536346945864146
      },
      "C": {
        "avg_price": 19.142857142857142,
        "league_avg": 13.401960784313726,
        "premium_pct": 42.83624203156024
      },
      "3B": {
        "avg_price": 23.571428571428573,
        "league_avg": 22.50980392156863,
        "premium_pct": 4.716276754604279
      },
      "SP / RP": {
        "avg_price": 9.642857142857142,
        "league_avg": 9.441176470588236,
        "premium_pct": 2.136181575433904
      },
      "SP": {
        "avg_price": 15.30952380952381,
        "league_avg": 17.218954248366014,
        "premium_pct": -11.089119648618606
      },
      "OF": {
        "avg_price": 15.380952380952381,
        "league_avg": 24.33986928104575,
        "premium_pct": -36.807580174927104
      },
      "SS": {
        "avg_price": 11.357142857142858,
        "league_avg": 24.372549019607842,
        "premium_pct": -53.40190782668658
      }
    }
  },
  "Forest Rangers": {
    "name": "Forest Rangers",
    "years_active": 14,
    "avg_price": 19.56989247311828,
    "max_price": 85.0,
    "big_spends": 26,
    "dollar_picks": 49,
    "position_preferences": {
      "3B": {
        "avg_price": 33.57142857142857,
        "league_avg": 22.50980392156863,
        "premium_pct": 49.1413638626182
      },
      "SS": {
        "avg_price": 33.42857142857143,
        "league_avg": 24.372549019607842,
        "premium_pct": 37.156648661073454
      },
      "OF": {
        "avg_price": 30.833333333333332,
        "league_avg": 24.33986928104575,
        "premium_pct": 26.678302900107415
      },
      "SP / RP": {
        "avg_price": 10.571428571428571,
        "league_avg": 9.441176470588236,
        "premium_pct": 11.97151757899421
      },
      "2B": {
        "avg_price": 14.571428571428571,
        "league_avg": 14.617647058823529,
        "premium_pct": -0.316182811152629
      },
      "RP": {
        "avg_price": 16.071428571428573,
        "league_avg": 18.019607843137255,
        "premium_pct": -10.811441007306069
      },
      "1B": {
        "avg_price": 22.0,
        "league_avg": 28.225490196078432,
        "premium_pct": -22.056269538034044
      },
      "C": {
        "avg_price": 9.285714285714286,
        "league_avg": 13.401960784313726,
        "premium_pct": -30.713763193646145
      },
      "SP": {
        "avg_price": 8.30952380952381,
        "league_avg": 17.218954248366014,
        "premium_pct": -51.74199495702627
      }
    }
  },
  "Jake's Snakes": {
    "name": "Jake's Snakes",
    "years_active": 14,
    "avg_price": 19.56989247311828,
    "max_price": 91.0,
    "big_spends": 19,
    "dollar_picks": 47,
    "position_preferences": {
      "C": {
        "avg_price": 23.071428571428573,
        "league_avg": 13.401960784313726,
        "premium_pct": 72.1496499111715
      },
      "SS": {
        "avg_price": 34.57142857142857,
        "league_avg": 24.372549019607842,
        "premium_pct": 41.84576485461441
      },
      "SP": {
        "avg_price": 20.571428571428573,
        "league_avg": 17.218954248366014,
        "premium_pct": 19.46967437572866
      },
      "3B": {
        "avg_price": 24.357142857142858,
        "league_avg": 22.50980392156863,
        "premium_pct": 8.206819313091083
      },
      "SP / RP": {
        "avg_price": 9.214285714285714,
        "league_avg": 9.441176470588236,
        "premium_pct": -2.403204272363161
      },
      "OF": {
        "avg_price": 21.285714285714285,
        "league_avg": 24.33986928104575,
        "premium_pct": -12.54795151143164
      },
      "1B": {
        "avg_price": 24.142857142857142,
        "league_avg": 28.225490196078432,
        "premium_pct": -14.464347739790606
      },
      "RP": {
        "avg_price": 10.0,
        "league_avg": 18.019607843137255,
        "premium_pct": -44.50489662676823
      },
      "2B": {
        "avg_price": 7.0,
        "league_avg": 14.617647058823529,
        "premium_pct": -52.112676056338024
      }
    }
  },
  "Jon's Generals": {
    "name": "Jon's Generals",
    "years_active": 14,
    "avg_price": 19.56989247311828,
    "max_price": 81.0,
    "big_spends": 19,
    "dollar_picks": 22,
    "position_preferences": {
      "1B": {
        "avg_price": 44.285714285714285,