{
  "roster_slots": {
    "C": 1,
    "1B": 1,
    "2B": 1,
    "SS": 1,
    "3B": 1,
    "OF": 3,
    "SP": 3,
    "SP / RP": 1,
    "RP": 1
  },
  "league_baseline": {
    "C": 13.401960784313726,
    "1B": 28.225490196078432,
    "2B": 14.617647058823529,
    "SS": 24.372549019607842,
    "3B": 22.50980392156863,
    "OF": 24.33986928104575,
    "SP": 17.218954248366014,
    "SP / RP": 9.441176470588236,
    "RP": 18.019607843137255
  }
}